Workbook

Sheet 00_Answer
A1: Cordell Specialty Coatings - Line 4 New Source Review applicability
A2: Hollis Junction, Calvert | Prepared by Wren & Balfour Environmental Engineering | May 2026
A4: Project emissions increase | B4: =C_Applicability!$B$7 | C4: Line 4 plus the Line 2 debottleneck, aggregated under Regulation 5.03(b). Below the 40 tpy significance threshold, which is the figure the client relied on.
A5: Facility potential to emit after the project | B5: =C_Applicability!$B$10 | C5: Against a 100 tpy major source threshold. The project takes the facility over it.
A6: ANSWER | B6: Major source review is triggered | C6: Not as a major modification. Under Regulation 5.04(b) a project that makes a minor source major is reviewed as a new major stationary source, the whole project is subject to review, and netting is not available. The significance threshold never comes into it.
A8: Recommended course | B8: Permanent total enclosure | C8: Raising capture from 92 to 100 percent lifts overall control from 90.2 to 98 percent and brings the facility back under the threshold at full design throughput.
A9: Facility potential to emit under the recommendation | B9: =A_Inputs!$B$12+B_Line4_PTE!$I$9+A_Inputs!$B$32 | C9: Below 100 tpy, so the project permits as a minor revision.
A10: Cost of the recommendation | B10: ='E_Options'!$F$7 | C10: Enclosure, oxidiser upsizing and the permit revision.
A11: Cost avoided against major source review | B11: ='E_Options'!$F$5-'E_Options'!$F$7 | C11: Before counting the ten month schedule difference, which on its own defeats the client's second quarter start.
A13: Fugitive emissions | B13: Excluded | C13: Surface coating manufacture is not a listed category under Regulation 5.02(c). Including the 4.20 tpy of fugitives would push the recommended option back over the threshold, so this is not a presentational point.
A14: The one-shift schedule | B14: Cannot be credited | C14: Regulation 5.02(b) counts an operating limitation only if it is federally enforceable. No permit condition restricts hours. Potential to emit uses 8,760 hours.
A15: The 2022 Line 1 shutdown | B15: Not creditable | C15: Already relied upon in full in revision R-23-0412, and netting is unavailable in any event where a project makes a minor source major.
A16: The Line 2 debottleneck | B16: Must be permitted | C16: Completed August 2025 without an application, contrary to permit condition 7.2. It is aggregated with this project and should be resolved in the same application.
A17: Hazardous air pollutants | B17: Below thresholds | C17: Xylene is the closer of the two and should be re-checked on any formulation change.

Sheet A_Inputs
A1: Inputs
A2: Blue cells are values taken from the issued documents. Black cells are formulas.
A4: THRESHOLDS, CALVERT AIR REGULATION 5
A5: Major stationary source, VOC, tpy | B5: 100 | D5: 5.02(a)
A6: Significant net emissions increase, VOC, tpy | B6: 40 | D6: 5.03(a)
A7: HAP major, single pollutant, tpy | B7: 10 | D7: 5.09
A8: HAP major, aggregate, tpy | B8: 25 | D8: 5.09
A9: Offset ratio | B9: 1.15 | D9: 5.06
A11: EXISTING FACILITY
A12: Permitted facility-wide VOC potential to emit, tpy | B12: 82 | D12: Permit 3.1
A13: Fugitive VOC, tpy | B13: 4.2 | D13: 07_Facility_Emissions
A14: Existing xylene potential to emit, tpy | B14: 3.1 | D14: 07_Facility_Emissions
A15: Existing toluene potential to emit, tpy | B15: 1.8 | D15: 07_Facility_Emissions
A17: LINE 4
A18: Maximum design coating rate, gal/day | B18: 420 | D18: 02_Line4_Design_Data
A19: Days per year for potential to emit | B19: 365 | D19: 8,760 hours. Reg 5.02(b): an unpermitted schedule is not counted
A20: Coating VOC less water, lb/gal | B20: 3.8 | D20: 03_Coating_Data_Sheets. The as-supplied value includes water and is not the regulatory basis
A21: Coating xylene less water, lb/gal | B21: 0.62 | D21: 03_Coating_Data_Sheets
A22: Cleanup solvent, gal/month | B22: 55 | D22: 02_Line4_Design_Data
A23: Cleanup solvent VOC, lb/gal | B23: 6.9 | D23: 03_Coating_Data_Sheets
A24: Cleanup solvent toluene, lb/gal | B24: 1.1 | D24: 03_Coating_Data_Sheets
A26: CONTROLS
A27: Oxidiser destruction efficiency | B27: 0.98 | D27: 06_Control_Equipment
A28: Capture, hood arrangement as quoted | B28: 0.92 | D28: 06_Control_Equipment
A29: Capture, permanent total enclosure | B29: 1 | D29: 06_Control_Equipment
A31: CONTEMPORANEOUS ACTIVITY
A32: Line 2 debottleneck, VOC increase, tpy | B32: 6.2 | D32: Aug 2025, unpermitted. Reg 5.03(b) aggregates changes within three years
A33: Line 2 debottleneck, xylene increase, tpy | B33: 0.35
A34: Line 1 shutdown, VOC decrease, tpy | B34: -14 | D34: Not creditable. Relied upon in full in revision R-23-0412, and Reg 5.04(b) removes netting here

Sheet B_Line4_PTE
A1: Line 4 potential to emit
A2: Potential to emit uses maximum design capacity and 8,760 hours. The plant's one-shift schedule is not a permit condition and under Regulation 5.02(b) cannot be counted.
A4: Stream | B4: Quantity | C4: Unit | D4: VOC lb/gal | E4: Uncontrolled lb/yr | F4: Uncontrolled tpy | G4: Controlled? | H4: Overall control | I4: Controlled tpy
A5: Coating application | B5: =A_Inputs!$B$18*A_Inputs!$B$19 | C5: gal/yr | D5: =A_Inputs!$B$20 | E5: =B5*D5 | F5: =E5/2000 | G5: Yes | H5: =A_Inputs!$B$28*A_Inputs!$B$27 | I5: =F5*(1-H5)
A6: Cleanup solvent | B6: =A_Inputs!$B$22*12 | C6: gal/yr | D6: =A_Inputs!$B$23 | E6: =B6*D6 | F6: =E6/2000 | G6: No | H6: 0 | I6: =F6
A7: Line 4 potential to emit | I7: =I5+I6
A9: With a permanent total enclosure | H9: =A_Inputs!$B$29*A_Inputs!$B$27 | I9: =F5*(1-H9)+I6
A11: Note | B11: Using the as-supplied VOC content of 2.90 lb/gal instead of the less-water value would understate the coating stream by about 24%. Crediting the 98 percent destruction efficiency without applying capture would understate it further.

Sheet C_Applicability
A1: Applicability under Calvert Air Regulation 5
A4: Step | B4: Value, tpy | C4: Threshold, tpy | D4: Test | E4: Conclusion
A5: Line 4 potential to emit | B5: =B_Line4_PTE!$I$7 | E5: New emission unit, so the increase equals the potential to emit
A6: Line 2 debottleneck, aggregated under 5.03(b) | B6: =A_Inputs!$B$32 | E6: Completed within three years and unpermitted. Aggregation does not depend on whether a permit was obtained
A7: PROJECT EMISSIONS INCREASE | B7: =B5+B6 | C7: =A_Inputs!$B$6 | D7: =IF(B7>=C7,"at or above","below") | E7: Below the significance threshold. This is the figure the client relied on and it is not the operative test
A8: Existing permitted facility potential to emit | B8: =A_Inputs!$B$12 | E8: Federally enforceable synthetic minor limit, Permit condition 3.1
A9: Fugitive emissions | B9: =A_Inputs!$B$13 | E9: EXCLUDED. Reg 5.02(c): surface coating manufacture is not a listed category, so fugitives are not counted in the major source determination
A10: FACILITY POTENTIAL TO EMIT AFTER THE PROJECT | B10: =A_Inputs!$B$12+C_Applicability!$B$7 | C10: =A_Inputs!$B$5 | D10: =IF(B10>=C10,"MAJOR","minor") | E10: The project takes the facility across the major source threshold
A11: Netting against the 2022 Line 1 shutdown | D11: Not available | E11: Two independent reasons. Reg 5.04(b) removes netting where a project makes a minor source major, and Reg 5.05 bars a decrease already relied upon in revision R-23-0412
A13: GOVERNING CONCLUSION | E13: The project is reviewed as a NEW MAJOR STATIONARY SOURCE under Reg 5.04(b). The whole project is subject to review, lowest achievable emission rate applies and offsets are required. The significance threshold is irrelevant because the source is not already major.
A15: If fugitives were wrongly included | B15: =C_Applicability!$B$10+A_Inputs!$B$13 | C15: =A_Inputs!$B$5 | D15: =IF(B15>=C15,"MAJOR","minor") | E15: Shown to demonstrate the sensitivity
A16: If the one-shift schedule were wrongly credited | B16: =A_Inputs!$B$12+B_Line4_PTE!$I$7*250/A_Inputs!$B$19+A_Inputs!$B$32 | C16: =A_Inputs!$B$5 | D16: =IF(B16>=C16,"MAJOR","minor") | E16: Still major, and in any event not permissible under Reg 5.02(b)

Sheet D_HAP
A1: Hazardous air pollutants
A4: Pollutant | B4: Existing tpy | C4: Line 4 tpy | D4: Line 2 tpy | E4: Total tpy | F4: Threshold | G4: Test
A5: Xylene | B5: =A_Inputs!$B$14 | C5: =A_Inputs!$B$18*A_Inputs!$B$19*A_Inputs!$B$21/2000*(1-A_Inputs!$B$28*A_Inputs!$B$27) | D5: =A_Inputs!$B$33 | E5: =B5+C5+D5 | F5: =A_Inputs!$B$7 | G5: =IF(E5>=F5,"major","below")
A6: Toluene | B6: =A_Inputs!$B$15 | C6: =A_Inputs!$B$22*12*A_Inputs!$B$24/2000 | D6: 0 | E6: =B6+C6+D6 | F6: =A_Inputs!$B$7 | G6: =IF(E6>=F6,"major","below")
A7: Aggregate | E7: =E5+E6 | F7: =A_Inputs!$B$8 | G7: =IF(E7>=F7,"major","below")
A9: Conclusion | B9: The facility does not become major for hazardous air pollutants under either control option. Xylene is the closer of the two and should be re-checked if the coating formulation changes.

Sheet E_Options
A1: Options and cost
A4: Option | B4: Facility PTE after, tpy | C4: Result | D4: Capital and services | E4: Offsets | F4: Total | G4: Months | H4: Assessment
A5: A. Accept major source review | B5: =C_Applicability!$B$10 | C5: ="MAJOR" | D5: =1150000.0+185000.0 | E5: =C_Applicability!$B$7*A_Inputs!$B$9*9400.0 | F5: =D5+E5 | G5: 14 to 18 | H5: Lowest achievable emission rate plus offsets. The schedule alone defeats the second quarter start the client needs.
A6: B. Cap Line 4 throughput | B6: =A_Inputs!$B$12+17.900000000000006 | C6: ="minor" | D6: =58000.0 | E6: 0 | F6: =D6+E6 | G6: 4 to 5 | H6: Requires a federally enforceable limit of about 138 gal/day, which is 33% of the design rate. Cheap to permit and expensive to live with.
A7: C. Permanent total enclosure | B7: =A_Inputs!$B$12+B_Line4_PTE!$I$9+A_Inputs!$B$32 | C7: =IF(B7>=A_Inputs!$B$5,"MAJOR","minor") | D7: =685000.0+240000.0+58000.0 | E7: 0 | F7: =D7+E7 | G7: 4 to 5 | H7: RECOMMENDED. Raises overall control from 90.2 to 98 percent, keeps the facility below the threshold at full design throughput, and permits as a minor revision.
A9: Option A less Option C | F9: =F5-F7 | H9: The enclosure pays for itself several times over against the major source route, before the schedule is considered.
A10: Margin to the threshold under Option C | B10: =A_Inputs!$B$5-A_Inputs!$B$12-B_Line4_PTE!$I$9-A_Inputs!$B$32 | H10: Headroom in tons per year. Thin enough that the Line 2 change must be permitted and the enclosure must be verified to the agency's criteria.
